participant,account,preferred_briefing,preferred_system,reason,issue_feedback
P01,ACC-014,B,M2,Briefing B is more meeting-ready: it names decision roles and links evidence. It reduces time spent reconstructing the buying group and next action. I would still verify role authority before the customer conversation.,The weaker briefing summarizes activity rather than named buyer roles. Authority claims should remain tentative unless contact and event evidence supports them. No other material issue noted; its uncertainty statement is appropriate.
P01,ACC-020,A,M2,Briefing A is more meeting-ready: it names decision roles and links evidence. It reduces time spent reconstructing the buying group and next action. I would still verify role authority before the customer conversation.,The weaker briefing summarizes activity rather than named buyer roles. Authority claims should remain tentative unless contact and event evidence supports them. No other material issue noted; its uncertainty statement is appropriate.
P01,ACC-040,A,M2,Briefing A is more meeting-ready: it names decision roles and links evidence. It reduces time spent reconstructing the buying group and next action. I would still verify role authority before the customer conversation.,The weaker briefing summarizes activity rather than named buyer roles. Authority claims should remain tentative unless contact and event evidence supports them. No other material issue noted; its uncertainty statement is appropriate.
P01,ACC-058,B,M2,Briefing B is more meeting-ready: it names decision roles and links evidence. It reduces time spent reconstructing the buying group and next action. I would still verify role authority before the customer conversation.,The weaker briefing summarizes activity rather than named buyer roles. Authority claims should remain tentative unless contact and event evidence supports them. No other material issue noted; its uncertainty statement is appropriate.
P02,ACC-014,A,M2,Briefing A is more meeting-ready: it names decision roles and links evidence. It reduces time spent reconstructing the buying group and next action. I would still verify role authority before the customer conversation.,The weaker briefing summarizes activity rather than named buyer roles. Authority claims should remain tentative unless contact and event evidence supports them. No other material issue noted; its uncertainty statement is appropriate.
P02,ACC-020,B,M2,Briefing B is more meeting-ready: it names decision roles and links evidence. It reduces time spent reconstructing the buying group and next action. I would still verify role authority before the customer conversation.,The weaker briefing summarizes activity rather than named buyer roles. Authority claims should remain tentative unless contact and event evidence supports them. No other material issue noted; its uncertainty statement is appropriate.
P02,ACC-040,A,M2,Briefing A is more meeting-ready: it names decision roles and links evidence. It reduces time spent reconstructing the buying group and next action. I would still verify role authority before the customer conversation.,The weaker briefing summarizes activity rather than named buyer roles. Authority claims should remain tentative unless contact and event evidence supports them. No other material issue noted; its uncertainty statement is appropriate.
P02,ACC-058,A,M2,Briefing A is more meeting-ready: it names decision roles and links evidence. It reduces time spent reconstructing the buying group and next action. I would still verify role authority before the customer conversation.,The weaker briefing summarizes activity rather than named buyer roles. Authority claims should remain tentative unless contact and event evidence supports them. No other material issue noted; its uncertainty statement is appropriate.
P03,ACC-014,A,M2,Briefing A is more meeting-ready: it names decision roles and links evidence. It reduces time spent reconstructing the buying group and next action. I would still verify role authority before the customer conversation.,The weaker briefing summarizes activity rather than named buyer roles. Authority claims should remain tentative unless contact and event evidence supports them. No other material issue noted; its uncertainty statement is appropriate.
P03,ACC-020,A,M2,Briefing A is more meeting-ready: it names decision roles and links evidence. It reduces time spent reconstructing the buying group and next action. I would still verify role authority before the customer conversation.,The weaker briefing summarizes activity rather than named buyer roles. Authority claims should remain tentative unless contact and event evidence supports them. No other material issue noted; its uncertainty statement is appropriate.
P03,ACC-040,B,M2,Briefing B is more meeting-ready: it names decision roles and links evidence. It reduces time spent reconstructing the buying group and next action. I would still verify role authority before the customer conversation.,The weaker briefing summarizes activity rather than named buyer roles. Authority claims should remain tentative unless contact and event evidence supports them. No other material issue noted; its uncertainty statement is appropriate.
P03,ACC-058,A,M2,Briefing A is more meeting-ready: it names decision roles and links evidence. It reduces time spent reconstructing the buying group and next action. I would still verify role authority before the customer conversation.,The weaker briefing summarizes activity rather than named buyer roles. Authority claims should remain tentative unless contact and event evidence supports them. No other material issue noted; its uncertainty statement is appropriate.
P04,ACC-014,B,M2,Briefing B is more meeting-ready: it names decision roles and links evidence. It reduces time spent reconstructing the buying group and next action. I would still verify role authority before the customer conversation.,The weaker briefing summarizes activity rather than named buyer roles. Authority claims should remain tentative unless contact and event evidence supports them. No other material issue noted; its uncertainty statement is appropriate.
P04,ACC-020,A,M2,Briefing A is more meeting-ready: it names decision roles and links evidence. It reduces time spent reconstructing the buying group and next action. I would still verify role authority before the customer conversation.,The weaker briefing summarizes activity rather than named buyer roles. Authority claims should remain tentative unless contact and event evidence supports them. No other material issue noted; its uncertainty statement is appropriate.
P04,ACC-040,B,M2,Briefing B is more meeting-ready: it names decision roles and links evidence. It reduces time spent reconstructing the buying group and next action. I would still verify role authority before the customer conversation.,The weaker briefing summarizes activity rather than named buyer roles. Authority claims should remain tentative unless contact and event evidence supports them. No other material issue noted; its uncertainty statement is appropriate.
P04,ACC-058,A,M2,Briefing A is more meeting-ready: it names decision roles and links evidence. It reduces time spent reconstructing the buying group and next action. I would still verify role authority before the customer conversation.,The weaker briefing summarizes activity rather than named buyer roles. Authority claims should remain tentative unless contact and event evidence supports them. No other material issue noted; its uncertainty statement is appropriate.
P05,ACC-014,A,M2,Briefing A is more meeting-ready: it names decision roles and links evidence. It reduces time spent reconstructing the buying group and next action. I would still verify role authority before the customer conversation.,The weaker briefing summarizes activity rather than named buyer roles. Authority claims should remain tentative unless contact and event evidence supports them. No other material issue noted; its uncertainty statement is appropriate.
P05,ACC-020,A,M2,Briefing A is more meeting-ready: it names decision roles and links evidence. It reduces time spent reconstructing the buying group and next action. I would still verify role authority before the customer conversation.,The weaker briefing summarizes activity rather than named buyer roles. Authority claims should remain tentative unless contact and event evidence supports them. No other material issue noted; its uncertainty statement is appropriate.
P05,ACC-040,B,M2,Briefing B is more meeting-ready: it names decision roles and links evidence. It reduces time spent reconstructing the buying group and next action. I would still verify role authority before the customer conversation.,The weaker briefing summarizes activity rather than named buyer roles. Authority claims should remain tentative unless contact and event evidence supports them. No other material issue noted; its uncertainty statement is appropriate.
P05,ACC-058,B,M2,Briefing B is more meeting-ready: it names decision roles and links evidence. It reduces time spent reconstructing the buying group and next action. I would still verify role authority before the customer conversation.,The weaker briefing summarizes activity rather than named buyer roles. Authority claims should remain tentative unless contact and event evidence supports them. No other material issue noted; its uncertainty statement is appropriate.
