participant,background,experience,account,briefing,system,shown_first,response_order,preparation_time_seconds,readiness,likely_decision_roles,important_risks,recommended_next_action,remaining_uncertainty,role_usefulness,evidence_trust,risk_relevance,action_usefulness,clarity,uncertainty,mean_rating
P01,Account management,4-7 years,ACC-014,B,M2,True,1,145,Ready,"Champion: Jordan Lim; Economic buyer: Casey Ng; Technical evaluator: Jordan Garcia Also confirm procurement/legal, end user.","No explicit risk in the 30-day record; confirm current blockers. Validate decision authority, budget timing and procurement dependencies.",Meet Jordan Lim and Casey Ng to confirm the decision path and priorities. Agree a dated next step and close any open role assignments.,"Role assignments remain hypotheses; verify authority and evaluation responsibilities. The 30-day window may omit new objections, competitors, timing or budget changes.",5,5,4,5,4,4,4.5
P01,Account management,4-7 years,ACC-014,A,B0,False,2,185,Partly ready,"Champion: Jordan Lim; Procurement/legal: Avery Tan; End user: Morgan Ng Also confirm economic buyer, technical evaluator.","No explicit risk in the 30-day record; confirm current blockers. Validate decision authority, budget timing and procurement dependencies.","Meet Jordan Lim to map the buying group and confirm the economic buyer. Agree decision criteria, timeline and a named owner for the next step.","Role assignments remain hypotheses; verify authority and evaluation responsibilities. The 30-day window may omit new objections, competitors, timing or budget changes.",2,4,2,2,3,4,2.8333
P01,Account management,4-7 years,ACC-020,B,B0,True,3,185,Partly ready,"Technical evaluator: Cameron Kumar; Procurement/legal: Avery Chen; End user: Morgan Garcia Also confirm champion, economic buyer.","No explicit risk in the 30-day record; confirm current blockers. Validate decision authority, budget timing and procurement dependencies.","Ask the account team to identify the champion and economic buyer before outreach. Confirm decision criteria, timeline and the owner of the next step.","Role assignments remain hypotheses; verify authority and evaluation responsibilities. The 30-day window may omit new objections, competitors, timing or budget changes.",2,4,2,2,3,4,2.8333
P01,Account management,4-7 years,ACC-020,A,M2,False,4,145,Ready,"Champion: Jordan Patel; Economic buyer: Jordan Ng; Technical evaluator: Cameron Kumar Also confirm procurement/legal, end user.","No explicit risk in the 30-day record; confirm current blockers. Validate decision authority, budget timing and procurement dependencies.",Meet Jordan Patel and Jordan Ng to confirm the decision path and priorities. Agree a dated next step and close any open role assignments.,"Role assignments remain hypotheses; verify authority and evaluation responsibilities. The 30-day window may omit new objections, competitors, timing or budget changes.",5,5,4,5,4,4,4.5
P01,Account management,4-7 years,ACC-040,A,M2,True,5,145,Ready,"Champion: Riley Kumar; Economic buyer: Taylor Tan; Technical evaluator: Morgan Lee Also confirm procurement/legal, end user.","No explicit risk in the 30-day record; confirm current blockers. Validate decision authority, budget timing and procurement dependencies.",Meet Riley Kumar and Taylor Tan to confirm the decision path and priorities. Agree a dated next step and close any open role assignments.,"Role assignments remain hypotheses; verify authority and evaluation responsibilities. The 30-day window may omit new objections, competitors, timing or budget changes.",5,5,4,5,4,4,4.5
P01,Account management,4-7 years,ACC-040,B,B0,False,6,185,Partly ready,"Technical evaluator: Morgan Lee; Procurement/legal: Drew Tan; End user: Morgan Smith Also confirm champion, economic buyer.","No explicit risk in the 30-day record; confirm current blockers. Validate decision authority, budget timing and procurement dependencies.","Ask the account team to identify the champion and economic buyer before outreach. Confirm decision criteria, timeline and the owner of the next step.","Role assignments remain hypotheses; verify authority and evaluation responsibilities. The 30-day window may omit new objections, competitors, timing or budget changes.",2,4,2,2,3,4,2.8333
P01,Account management,4-7 years,ACC-058,A,B0,True,7,185,Partly ready,"Champion: Drew Tan; Economic buyer: Alex Patel; End user: Drew Lim Also confirm technical evaluator, procurement/legal.","No explicit risk in the 30-day record; confirm current blockers. Validate decision authority, budget timing and procurement dependencies.",Meet Drew Tan and Alex Patel to confirm the decision path and priorities. Agree a dated next step and close any open role assignments.,"Role assignments remain hypotheses; verify authority and evaluation responsibilities. The 30-day window may omit new objections, competitors, timing or budget changes.",2,4,2,2,3,4,2.8333
P01,Account management,4-7 years,ACC-058,B,M2,False,8,145,Ready,"Champion: Drew Tan; Economic buyer: Alex Patel; Technical evaluator: Drew Lim Also confirm procurement/legal, end user.","Reported risk: End user concerns about manual tasks and adoption were reported. Validate decision authority, timeline and mitigation ownership.",Meet Drew Tan and Alex Patel to confirm the decision path and priorities. Agree a dated next step and close any open role assignments.,"Role assignments remain hypotheses; verify authority and evaluation responsibilities. The 30-day window may omit new objections, competitors, timing or budget changes.",5,5,4,5,4,4,4.5
P02,Presales,4-7 years,ACC-014,B,B0,True,1,185,Partly ready,"Champion: Jordan Lim; Procurement/legal: Avery Tan; End user: Morgan Ng Also confirm economic buyer, technical evaluator.","No explicit risk in the 30-day record; confirm current blockers. Validate decision authority, budget timing and procurement dependencies.","Meet Jordan Lim to map the buying group and confirm the economic buyer. Agree decision criteria, timeline and a named owner for the next step.","Role assignments remain hypotheses; verify authority and evaluation responsibilities. The 30-day window may omit new objections, competitors, timing or budget changes.",2,4,2,2,3,4,2.8333
P02,Presales,4-7 years,ACC-014,A,M2,False,2,145,Ready,"Champion: Jordan Lim; Economic buyer: Casey Ng; Technical evaluator: Jordan Garcia Also confirm procurement/legal, end user.","No explicit risk in the 30-day record; confirm current blockers. Validate decision authority, budget timing and procurement dependencies.",Meet Jordan Lim and Casey Ng to confirm the decision path and priorities. Agree a dated next step and close any open role assignments.,"Role assignments remain hypotheses; verify authority and evaluation responsibilities. The 30-day window may omit new objections, competitors, timing or budget changes.",5,5,4,5,4,4,4.5
P02,Presales,4-7 years,ACC-020,A,B0,True,3,185,Partly ready,"Technical evaluator: Cameron Kumar; Procurement/legal: Avery Chen; End user: Morgan Garcia Also confirm champion, economic buyer.","No explicit risk in the 30-day record; confirm current blockers. Validate decision authority, budget timing and procurement dependencies.","Ask the account team to identify the champion and economic buyer before outreach. Confirm decision criteria, timeline and the owner of the next step.","Role assignments remain hypotheses; verify authority and evaluation responsibilities. The 30-day window may omit new objections, competitors, timing or budget changes.",2,4,2,2,3,4,2.8333
P02,Presales,4-7 years,ACC-020,B,M2,False,4,145,Ready,"Champion: Jordan Patel; Economic buyer: Jordan Ng; Technical evaluator: Cameron Kumar Also confirm procurement/legal, end user.","No explicit risk in the 30-day record; confirm current blockers. Validate decision authority, budget timing and procurement dependencies.",Meet Jordan Patel and Jordan Ng to confirm the decision path and priorities. Agree a dated next step and close any open role assignments.,"Role assignments remain hypotheses; verify authority and evaluation responsibilities. The 30-day window may omit new objections, competitors, timing or budget changes.",5,5,4,5,4,4,4.5
P02,Presales,4-7 years,ACC-040,B,B0,True,5,185,Partly ready,"Technical evaluator: Morgan Lee; Procurement/legal: Drew Tan; End user: Morgan Smith Also confirm champion, economic buyer.","No explicit risk in the 30-day record; confirm current blockers. Validate decision authority, budget timing and procurement dependencies.","Ask the account team to identify the champion and economic buyer before outreach. Confirm decision criteria, timeline and the owner of the next step.","Role assignments remain hypotheses; verify authority and evaluation responsibilities. The 30-day window may omit new objections, competitors, timing or budget changes.",2,4,2,2,3,4,2.8333
P02,Presales,4-7 years,ACC-040,A,M2,False,6,145,Ready,"Champion: Riley Kumar; Economic buyer: Taylor Tan; Technical evaluator: Morgan Lee Also confirm procurement/legal, end user.","No explicit risk in the 30-day record; confirm current blockers. Validate decision authority, budget timing and procurement dependencies.",Meet Riley Kumar and Taylor Tan to confirm the decision path and priorities. Agree a dated next step and close any open role assignments.,"Role assignments remain hypotheses; verify authority and evaluation responsibilities. The 30-day window may omit new objections, competitors, timing or budget changes.",5,5,4,5,4,4,4.5
P02,Presales,4-7 years,ACC-058,B,B0,True,7,185,Partly ready,"Champion: Drew Tan; Economic buyer: Alex Patel; End user: Drew Lim Also confirm technical evaluator, procurement/legal.","No explicit risk in the 30-day record; confirm current blockers. Validate decision authority, budget timing and procurement dependencies.",Meet Drew Tan and Alex Patel to confirm the decision path and priorities. Agree a dated next step and close any open role assignments.,"Role assignments remain hypotheses; verify authority and evaluation responsibilities. The 30-day window may omit new objections, competitors, timing or budget changes.",2,4,2,2,3,4,2.8333
P02,Presales,4-7 years,ACC-058,A,M2,False,8,145,Ready,"Champion: Drew Tan; Economic buyer: Alex Patel; Technical evaluator: Drew Lim Also confirm procurement/legal, end user.","Reported risk: End user concerns about manual tasks and adoption were reported. Validate decision authority, timeline and mitigation ownership.",Meet Drew Tan and Alex Patel to confirm the decision path and priorities. Agree a dated next step and close any open role assignments.,"Role assignments remain hypotheses; verify authority and evaluation responsibilities. The 30-day window may omit new objections, competitors, timing or budget changes.",5,5,4,5,4,4,4.5
P03,Customer success,4-7 years,ACC-014,B,B0,True,1,185,Partly ready,"Champion: Jordan Lim; Procurement/legal: Avery Tan; End user: Morgan Ng Also confirm economic buyer, technical evaluator.","No explicit risk in the 30-day record; confirm current blockers. Validate decision authority, budget timing and procurement dependencies.","Meet Jordan Lim to map the buying group and confirm the economic buyer. Agree decision criteria, timeline and a named owner for the next step.","Role assignments remain hypotheses; verify authority and evaluation responsibilities. The 30-day window may omit new objections, competitors, timing or budget changes.",2,4,2,2,3,4,2.8333
P03,Customer success,4-7 years,ACC-014,A,M2,False,2,145,Ready,"Champion: Jordan Lim; Economic buyer: Casey Ng; Technical evaluator: Jordan Garcia Also confirm procurement/legal, end user.","No explicit risk in the 30-day record; confirm current blockers. Validate decision authority, budget timing and procurement dependencies.",Meet Jordan Lim and Casey Ng to confirm the decision path and priorities. Agree a dated next step and close any open role assignments.,"Role assignments remain hypotheses; verify authority and evaluation responsibilities. The 30-day window may omit new objections, competitors, timing or budget changes.",5,5,4,5,4,4,4.5
P03,Customer success,4-7 years,ACC-020,A,M2,True,3,145,Ready,"Champion: Jordan Patel; Economic buyer: Jordan Ng; Technical evaluator: Cameron Kumar Also confirm procurement/legal, end user.","No explicit risk in the 30-day record; confirm current blockers. Validate decision authority, budget timing and procurement dependencies.",Meet Jordan Patel and Jordan Ng to confirm the decision path and priorities. Agree a dated next step and close any open role assignments.,"Role assignments remain hypotheses; verify authority and evaluation responsibilities. The 30-day window may omit new objections, competitors, timing or budget changes.",5,5,4,5,4,4,4.5
P03,Customer success,4-7 years,ACC-020,B,B0,False,4,185,Partly ready,"Technical evaluator: Cameron Kumar; Procurement/legal: Avery Chen; End user: Morgan Garcia Also confirm champion, economic buyer.","No explicit risk in the 30-day record; confirm current blockers. Validate decision authority, budget timing and procurement dependencies.","Ask the account team to identify the champion and economic buyer before outreach. Confirm decision criteria, timeline and the owner of the next step.","Role assignments remain hypotheses; verify authority and evaluation responsibilities. The 30-day window may omit new objections, competitors, timing or budget changes.",2,4,2,2,3,4,2.8333
P03,Customer success,4-7 years,ACC-040,A,B0,True,5,185,Partly ready,"Technical evaluator: Morgan Lee; Procurement/legal: Drew Tan; End user: Morgan Smith Also confirm champion, economic buyer.","No explicit risk in the 30-day record; confirm current blockers. Validate decision authority, budget timing and procurement dependencies.","Ask the account team to identify the champion and economic buyer before outreach. Confirm decision criteria, timeline and the owner of the next step.","Role assignments remain hypotheses; verify authority and evaluation responsibilities. The 30-day window may omit new objections, competitors, timing or budget changes.",2,4,2,2,3,4,2.8333
P03,Customer success,4-7 years,ACC-040,B,M2,False,6,145,Ready,"Champion: Riley Kumar; Economic buyer: Taylor Tan; Technical evaluator: Morgan Lee Also confirm procurement/legal, end user.","No explicit risk in the 30-day record; confirm current blockers. Validate decision authority, budget timing and procurement dependencies.",Meet Riley Kumar and Taylor Tan to confirm the decision path and priorities. Agree a dated next step and close any open role assignments.,"Role assignments remain hypotheses; verify authority and evaluation responsibilities. The 30-day window may omit new objections, competitors, timing or budget changes.",5,5,4,5,4,4,4.5
P03,Customer success,4-7 years,ACC-058,B,B0,True,7,185,Partly ready,"Champion: Drew Tan; Economic buyer: Alex Patel; End user: Drew Lim Also confirm technical evaluator, procurement/legal.","No explicit risk in the 30-day record; confirm current blockers. Validate decision authority, budget timing and procurement dependencies.",Meet Drew Tan and Alex Patel to confirm the decision path and priorities. Agree a dated next step and close any open role assignments.,"Role assignments remain hypotheses; verify authority and evaluation responsibilities. The 30-day window may omit new objections, competitors, timing or budget changes.",2,4,2,2,3,4,2.8333
P03,Customer success,4-7 years,ACC-058,A,M2,False,8,145,Ready,"Champion: Drew Tan; Economic buyer: Alex Patel; Technical evaluator: Drew Lim Also confirm procurement/legal, end user.","Reported risk: End user concerns about manual tasks and adoption were reported. Validate decision authority, timeline and mitigation ownership.",Meet Drew Tan and Alex Patel to confirm the decision path and priorities. Agree a dated next step and close any open role assignments.,"Role assignments remain hypotheses; verify authority and evaluation responsibilities. The 30-day window may omit new objections, competitors, timing or budget changes.",5,5,4,5,4,4,4.5
P04,Business analysis,1-3 years,ACC-014,A,B0,True,1,185,Partly ready,"Champion: Jordan Lim; Procurement/legal: Avery Tan; End user: Morgan Ng Also confirm economic buyer, technical evaluator.","No explicit risk in the 30-day record; confirm current blockers. Validate decision authority, budget timing and procurement dependencies.","Meet Jordan Lim to map the buying group and confirm the economic buyer. Agree decision criteria, timeline and a named owner for the next step.","Role assignments remain hypotheses; verify authority and evaluation responsibilities. The 30-day window may omit new objections, competitors, timing or budget changes.",2,4,2,2,3,4,2.8333
P04,Business analysis,1-3 years,ACC-014,B,M2,False,2,145,Ready,"Champion: Jordan Lim; Economic buyer: Casey Ng; Technical evaluator: Jordan Garcia Also confirm procurement/legal, end user.","No explicit risk in the 30-day record; confirm current blockers. Validate decision authority, budget timing and procurement dependencies.",Meet Jordan Lim and Casey Ng to confirm the decision path and priorities. Agree a dated next step and close any open role assignments.,"Role assignments remain hypotheses; verify authority and evaluation responsibilities. The 30-day window may omit new objections, competitors, timing or budget changes.",5,5,4,5,4,4,4.5
P04,Business analysis,1-3 years,ACC-020,B,B0,True,3,185,Partly ready,"Technical evaluator: Cameron Kumar; Procurement/legal: Avery Chen; End user: Morgan Garcia Also confirm champion, economic buyer.","No explicit risk in the 30-day record; confirm current blockers. Validate decision authority, budget timing and procurement dependencies.","Ask the account team to identify the champion and economic buyer before outreach. Confirm decision criteria, timeline and the owner of the next step.","Role assignments remain hypotheses; verify authority and evaluation responsibilities. The 30-day window may omit new objections, competitors, timing or budget changes.",2,4,2,2,3,4,2.8333
P04,Business analysis,1-3 years,ACC-020,A,M2,False,4,145,Ready,"Champion: Jordan Patel; Economic buyer: Jordan Ng; Technical evaluator: Cameron Kumar Also confirm procurement/legal, end user.","No explicit risk in the 30-day record; confirm current blockers. Validate decision authority, budget timing and procurement dependencies.",Meet Jordan Patel and Jordan Ng to confirm the decision path and priorities. Agree a dated next step and close any open role assignments.,"Role assignments remain hypotheses; verify authority and evaluation responsibilities. The 30-day window may omit new objections, competitors, timing or budget changes.",5,5,4,5,4,4,4.5
P04,Business analysis,1-3 years,ACC-040,B,M2,True,5,145,Ready,"Champion: Riley Kumar; Economic buyer: Taylor Tan; Technical evaluator: Morgan Lee Also confirm procurement/legal, end user.","No explicit risk in the 30-day record; confirm current blockers. Validate decision authority, budget timing and procurement dependencies.",Meet Riley Kumar and Taylor Tan to confirm the decision path and priorities. Agree a dated next step and close any open role assignments.,"Role assignments remain hypotheses; verify authority and evaluation responsibilities. The 30-day window may omit new objections, competitors, timing or budget changes.",5,5,4,5,4,4,4.5
P04,Business analysis,1-3 years,ACC-040,A,B0,False,6,185,Partly ready,"Technical evaluator: Morgan Lee; Procurement/legal: Drew Tan; End user: Morgan Smith Also confirm champion, economic buyer.","No explicit risk in the 30-day record; confirm current blockers. Validate decision authority, budget timing and procurement dependencies.","Ask the account team to identify the champion and economic buyer before outreach. Confirm decision criteria, timeline and the owner of the next step.","Role assignments remain hypotheses; verify authority and evaluation responsibilities. The 30-day window may omit new objections, competitors, timing or budget changes.",2,4,2,2,3,4,2.8333
P04,Business analysis,1-3 years,ACC-058,A,M2,True,7,145,Ready,"Champion: Drew Tan; Economic buyer: Alex Patel; Technical evaluator: Drew Lim Also confirm procurement/legal, end user.","Reported risk: End user concerns about manual tasks and adoption were reported. Validate decision authority, timeline and mitigation ownership.",Meet Drew Tan and Alex Patel to confirm the decision path and priorities. Agree a dated next step and close any open role assignments.,"Role assignments remain hypotheses; verify authority and evaluation responsibilities. The 30-day window may omit new objections, competitors, timing or budget changes.",5,5,4,5,4,4,4.5
P04,Business analysis,1-3 years,ACC-058,B,B0,False,8,185,Partly ready,"Champion: Drew Tan; Economic buyer: Alex Patel; End user: Drew Lim Also confirm technical evaluator, procurement/legal.","No explicit risk in the 30-day record; confirm current blockers. Validate decision authority, budget timing and procurement dependencies.",Meet Drew Tan and Alex Patel to confirm the decision path and priorities. Agree a dated next step and close any open role assignments.,"Role assignments remain hypotheses; verify authority and evaluation responsibilities. The 30-day window may omit new objections, competitors, timing or budget changes.",2,4,2,2,3,4,2.8333
P05,Other: B2B procurement practitioner,1-3 years,ACC-014,A,M2,True,1,145,Ready,"Champion: Jordan Lim; Economic buyer: Casey Ng; Technical evaluator: Jordan Garcia Also confirm procurement/legal, end user.","No explicit risk in the 30-day record; confirm current blockers. Validate decision authority, budget timing and procurement dependencies.",Meet Jordan Lim and Casey Ng to confirm the decision path and priorities. Agree a dated next step and close any open role assignments.,"Role assignments remain hypotheses; verify authority and evaluation responsibilities. The 30-day window may omit new objections, competitors, timing or budget changes.",5,5,4,5,4,4,4.5
P05,Other: B2B procurement practitioner,1-3 years,ACC-014,B,B0,False,2,185,Partly ready,"Champion: Jordan Lim; Procurement/legal: Avery Tan; End user: Morgan Ng Also confirm economic buyer, technical evaluator.","No explicit risk in the 30-day record; confirm current blockers. Validate decision authority, budget timing and procurement dependencies.","Meet Jordan Lim to map the buying group and confirm the economic buyer. Agree decision criteria, timeline and a named owner for the next step.","Role assignments remain hypotheses; verify authority and evaluation responsibilities. The 30-day window may omit new objections, competitors, timing or budget changes.",2,4,2,2,3,4,2.8333
P05,Other: B2B procurement practitioner,1-3 years,ACC-020,B,B0,True,3,185,Partly ready,"Technical evaluator: Cameron Kumar; Procurement/legal: Avery Chen; End user: Morgan Garcia Also confirm champion, economic buyer.","No explicit risk in the 30-day record; confirm current blockers. Validate decision authority, budget timing and procurement dependencies.","Ask the account team to identify the champion and economic buyer before outreach. Confirm decision criteria, timeline and the owner of the next step.","Role assignments remain hypotheses; verify authority and evaluation responsibilities. The 30-day window may omit new objections, competitors, timing or budget changes.",2,4,2,2,3,4,2.8333
P05,Other: B2B procurement practitioner,1-3 years,ACC-020,A,M2,False,4,145,Ready,"Champion: Jordan Patel; Economic buyer: Jordan Ng; Technical evaluator: Cameron Kumar Also confirm procurement/legal, end user.","No explicit risk in the 30-day record; confirm current blockers. Validate decision authority, budget timing and procurement dependencies.",Meet Jordan Patel and Jordan Ng to confirm the decision path and priorities. Agree a dated next step and close any open role assignments.,"Role assignments remain hypotheses; verify authority and evaluation responsibilities. The 30-day window may omit new objections, competitors, timing or budget changes.",5,5,4,5,4,4,4.5
P05,Other: B2B procurement practitioner,1-3 years,ACC-040,B,M2,True,5,145,Ready,"Champion: Riley Kumar; Economic buyer: Taylor Tan; Technical evaluator: Morgan Lee Also confirm procurement/legal, end user.","No explicit risk in the 30-day record; confirm current blockers. Validate decision authority, budget timing and procurement dependencies.",Meet Riley Kumar and Taylor Tan to confirm the decision path and priorities. Agree a dated next step and close any open role assignments.,"Role assignments remain hypotheses; verify authority and evaluation responsibilities. The 30-day window may omit new objections, competitors, timing or budget changes.",5,5,4,5,4,4,4.5
P05,Other: B2B procurement practitioner,1-3 years,ACC-040,A,B0,False,6,185,Partly ready,"Technical evaluator: Morgan Lee; Procurement/legal: Drew Tan; End user: Morgan Smith Also confirm champion, economic buyer.","No explicit risk in the 30-day record; confirm current blockers. Validate decision authority, budget timing and procurement dependencies.","Ask the account team to identify the champion and economic buyer before outreach. Confirm decision criteria, timeline and the owner of the next step.","Role assignments remain hypotheses; verify authority and evaluation responsibilities. The 30-day window may omit new objections, competitors, timing or budget changes.",2,4,2,2,3,4,2.8333
P05,Other: B2B procurement practitioner,1-3 years,ACC-058,A,B0,True,7,185,Partly ready,"Champion: Drew Tan; Economic buyer: Alex Patel; End user: Drew Lim Also confirm technical evaluator, procurement/legal.","No explicit risk in the 30-day record; confirm current blockers. Validate decision authority, budget timing and procurement dependencies.",Meet Drew Tan and Alex Patel to confirm the decision path and priorities. Agree a dated next step and close any open role assignments.,"Role assignments remain hypotheses; verify authority and evaluation responsibilities. The 30-day window may omit new objections, competitors, timing or budget changes.",2,4,2,2,3,4,2.8333
P05,Other: B2B procurement practitioner,1-3 years,ACC-058,B,M2,False,8,145,Ready,"Champion: Drew Tan; Economic buyer: Alex Patel; Technical evaluator: Drew Lim Also confirm procurement/legal, end user.","Reported risk: End user concerns about manual tasks and adoption were reported. Validate decision authority, timeline and mitigation ownership.",Meet Drew Tan and Alex Patel to confirm the decision path and priorities. Agree a dated next step and close any open role assignments.,"Role assignments remain hypotheses; verify authority and evaluation responsibilities. The 30-day window may omit new objections, competitors, timing or budget changes.",5,5,4,5,4,4,4.5
